zipcode,average_price
1015NB,185
1016VV,150
1071AR,249
1018SV,209
1058KN,110
1092TV,90
1078VT,119
1018BG,275
1022XW,75
1087JW,159
1011EW,120
1055TT,140
1059TB,125
1053AC,95
1052LX,185
1017NL,117.25
1018GD,80
1019XC,140
1032AG,45
1074JA,225
1165LZ,139
1069TD,50
1011EJ,155
1055NJ,93.5
1015CT,370
1017AC,425
1058TN,250
1055VE,169
1012KW,182.5
1054TJ,114
1097AH,160
1051KS,108.25
1054AP,212
1058GT,100
1052XS,80
1055BE,75
1078TZ,95
1054VV,98
1035SJ,100
1053ER,120
1052GL,150
1017RD,196.25
1054BB,170
1056SX,247
1055VV,92
1072HS,111.67
1076TA,93
1052HV,82
1091KW,109
1057JS,130
1025DN,90
1055KM,71
1011SE,285
1072GX,99
1094HW,100
1076CW,136
1064SB,75
1019HN,120
1013NJ,110
1071MH,107
1055SN,75
1098CP,120
1019KR,225
1015TT,230
1078HV,110
1012MB,102.5
1011TW,125
1013WJ,129
1012WL,145
1015HB,129.67
1093TH,99
1056BD,90
1017AX,225
1017RA,135
1011AH,90
1053EN,80
1017SG,99
1033LA,150
1032KX,182
1073BM,100
1021NK,69
1016AM,250
1019RW,139
1059XB,115
1058HD,99
1075TD,115
1017KT,99
1058EP,130
1079LS,99
1073HR,59
1077JG,80
1074CG,125
1016VL,174
1025LX,160
1071VP,100
1073BD,115
1091MX,95
1072VN,130
1015XV,149
1074GR,120
1015DC,168
1093SL,149
1095JX,85
1094LV,80
1058LZ,95
1017PV,212
1055ZT,70.33
1052RV,226.67
1018WA,120
1073XC,120
1017CX,129
1095XM,80
1095AT,100
1018ZW,89
1015NT,114
1096CR,90
1052RS,112.5
1025PC,120
1097DH,200
1017VW,299
1058CJ,110
1078XD,110
1017AA,216.25
1065ED,50
1017GW,233.33
1053VJ,257
1091VK,112.5
1012BN,129
1059EH,60
1011VB,240
1016XR,135
1077DE,149
1054MH,99
1079SV,165
1055HA,139
1017RP,260
1095VA,86
1055TE,104.5
1053SW,140
1013NE,98
1052EM,129
1017JV,190
1051AZ,95
1015GN,137.2
1015CD,228
1013PG,79
1011VA,50
1017BN,210
1074ES,99
1073RR,185
1055JE,65
1011TJ,221
1057BJ,125
1053BN,90
1072KA,79
1052SE,100
1094PR,80
1057PB,99
1054ZC,119
1056KS,95
1011KW,119
1033HH,95
1058TP,75
1054EK,86
1016TV,145
1054VC,87.5
1082SE,125
1011PT,132.5
1087AZ,110
1095CC,75
1057KH,139
1098RK,100
1051GC,140
1012LA,75
1053SN,150
1074AG,92.33
1017HC,85
1071ER,322
1068NN,199
1087JJ,115
1012GH,95
1051VB,120
1032BP,150
1015TS,395
1072HN,121.25
1022XD,95
1093RR,86.25
1017GB,90
1057ET,107.5
1060RG,109.5
1098CV,75
1011VJ,119
1072BW,125
1015JZ,130
1091CB,130
1067EP,225
1076LP,90
1071RE,399
1072EL,80
1011BK,116.67
1051GT,190
1055PL,130
1018VA,110
1054AC,113.33
1013BX,136.33
1075VM,105
1091EG,262
1054MD,179
1093CN,95.75
1094EM,75
1015AC,185
1013VV,75
1053ZA,150
1056XD,90
1078DW,167.5
1012RD,250
1032JT,30
1056JP,115
1012JM,120
1052AG,95
1054WS,86.33
1076TE,100
1055KD,95
1052GC,110
1079AT,117.5
1051JS,94.5
1091AR,99
1071AS,167.5
1018VT,110
1012NN,500
1073SE,90
1013TB,89
1022AG,120
1012EW,325
1015DM,114.5
1016CX,200
1012VV,150
1077MZ,94
1021ED,100
1017VD,100
1012WH,180
1098EM,195
1053DV,90
1015XR,125
1052JK,225
1018WM,120
1087KA,250
1016AR,150
1098JK,250
1052JS,125
1051TN,98
1095ER,85
1053SH,90
1053VL,150
1055EP,90
1074JH,165
1017PN,99
1079XJ,75
1074XL,150
1053VB,120
1075GB,60
1054BL,180
1019HD,99
1074GG,112.5
1078LZ,180
1018ZM,80
1075RT,110
1016NH,100
1021JL,125
1016VS,125
1094EG,89
1013CJ,149
1079VW,125
1059EN,149
1054XT,172.5
1081JT,95
1015SG,150
1065AP,85
1092BX,69
1012NP,175
1016PL,170
1017AD,238.33
1051HR,150
1013ET,145
1056XR,100
1054KR,140
1013GP,149
1018JM,125
1017XG,130
1091PH,99
1016VW,341.67
1012RK,155
1016JB,375
1078VR,110
1064PR,110
1015DJ,90
1018TK,120
1052XP,350
1018AA,95
1081JE,360
1015WN,128.5
1011LZ,214.5
1073LS,110
1025LK,125
1019JT,246
1078JG,140
1016HJ,200
1052HW,90
1076VN,140
1079XC,100
1017PH,125
1077EM,300
1011NB,130
1093JC,100
1093HC,199
1094KV,100
1093MK,50
1095KN,44.33
1081JL,175
1075NX,104
1056JA,135
1057JZ,115
1082JD,125
1023ZE,100
1017EE,106
1023ZB,95
1058SZ,150
1015LP,100
1073SP,160
1071VB,110
1058SR,115
1066HG,59
1034DS,70
1017ZJ,144.5
1053VH,90
1054MP,160
1059EM,140
1056VV,100
1053KN,80
1013KN,110
1072TH,115
1016HG,183.5
1052LP,104.5
1016CH,330
1051VE,115
1054AS,110
1025WS,100
1017AM,160
1057HR,90
1052LE,130
1072NN,217
1074VH,110
1072PJ,150
1021GV,104.5
1092TS,110
1072CL,115
1016PA,161.67
1015JM,260
1079TX,175
1017HX,185
1032GJ,125
1018DB,120
1091AS,120
1012SP,124.5
1018TV,362.5
1015ZR,229
1061DL,97.5
1091EL,200
1017SC,125
1053LZ,169.67
1076VJ,104
1073GR,99
1054GJ,240
1078MD,200
1054MB,100
1058PD,250
1075XM,79
1071VD,112.5
1086WC,180
1078GK,162.5
1015BD,173
1018MR,144.5
1015DH,190
1055GE,85
1018ZA,122.5
1051LW,99
1054GD,175
1053BG,195
1091NK,105
1012CJ,190
1057KB,130
1094GL,119
1053NP,120
1018MD,120
1076CA,80
1073GH,149
1093HX,125
1051KA,95
1061TG,189
1012GM,300
1021NG,95
1012PR,200
1073SN,239
1019PG,95
1073BR,99.33
1074TK,125
1057DS,105
1018WD,80
1097HS,125
1056EP,140
1092ED,150
1079LE,108
1098VV,195
1011KC,100
1018VV,90
1051AC,124.67
1111BR,185
1035ML,140
1171AG,135
1081AV,60
1094SB,70
1072JA,115
1091TL,70
1093TR,92
1073VJ,235
1055RD,100
1082NG,90
1073AT,141.67
1056HR,120.67
1017BX,140
1018CL,150
1076AS,195
1079LM,175.25
1057BV,80
1098LP,100
1051JX,140
1087BS,96
1016GJ,144
1012TP,190
1019SL,90
1054BK,99
1094LB,95
1012EA,175
1098JH,120
1056JR,80
1018HC,165
1016TR,150
1072VR,130
1013EZ,82.5
1011PC,110
1091GS,85
1052GN,125
1078MT,89
1078KH,180
1053ZH,250
1015RR,150
1031CN,60
1094EC,76
1054KV,109
1017DN,200
1017WT,300
1072AP,95
1098NN,238
1071BP,320
1073HJ,110
1055EM,69
1072EE,140
1018GJ,150
1053ST,96.5
1012KC,217.5
1015NX,140
1015AP,151.33
1054CE,145
1054VZ,142.5
1013HA,181
1052LL,103
1051LA,99.75
1091KA,125
1087BP,135
1079KN,100
1054KD,150
1078TC,70
1053WX,112.5
1018NK,101.67
1058BP,85
1056KA,99
1052NA,160
1017TT,150
1017WH,130
1087BV,120
1056HV,125
1098NJ,150
1053VG,105
1063AJ,70
1051NZ,134.67
1012ML,210
1078XK,130
1016XH,100
1058SV,85
1055BA,65
1083TE,110
1051PM,140
1015MN,165
1017TW,134.5
1016KT,126.67
1017GL,180
1087GK,149
1079GD,95
1013NX,84
1056EG,50
1069SE,160
1031XC,89
1018VL,120
1072XP,162.5
1012JB,110
1055XR,115
1032GG,95
1023BN,120
1058LP,100
1012GT,125
1054HR,150
1093LA,100
1053NZ,70
1075NH,85
1094ST,120
1021NM,74.33
1016LS,175
1054JX,110
1053AR,102
1017VK,149
1071DN,99
1072CT,135
1012XL,137.5
1058JZ,99
1061EA,69
1017RE,100
1013WN,89
1056WJ,83.33
1058DG,89
1093AW,100
1053ED,70
1017CS,206.67
1072RX,197.5
1016HR,272.5
1079NT,95
1018GA,159
1072PC,130
1012BB,164
1017JT,184
1031VC,75
1018LR,120
1065LV,115
1054RZ,200
1059BC,92.5
1015XX,195
1011NC,137
1087EN,150
1092GM,75
1052CW,155
1015HS,199
1096HR,110
1011TX,137.5
1051KN,85
1015ND,125
1017AV,250
1015PV,180
1181CA,179
1078XR,125
1053HM,175
1054WK,105
1073XW,144.5
1079TN,85
1095BV,110
1016AD,220
1096GJ,71
1072XD,95
1021JC,85
1055EC,134
1018VW,249
1053DH,130
1012EH,193
1057NN,95
1083TC,100
1075PE,165
1011KR,145
1059AJ,125
1051KB,95
1057DA,90
1056HH,87.5
1092EX,110
1053BX,97.5
1012MG,250
1093GE,105
1054AV,180
1017DK,210
1071VC,133
1018TR,120
1076KW,135
1051NW,120
1058DE,99
1016CA,89
1015CK,130
1098CB,99
1013HC,117.5
1051GV,96
1054AX,139
1022XB,89
1074CR,150
1012TB,102.5
1052JR,110
1016TC,160
1091AZ,150
1059AN,75
1017GC,275
1091BE,115
1015TA,295
1018GP,118
1012CT,150
1098KX,225
1017NR,138
1057WK,90
1078DG,200
1053WB,140
1057PA,248
1055RB,110
1098NZ,95
1051GW,99
1092CA,80
1032BK,135
1036KG,64
1017GR,295
1025LP,220
1056CG,100
1075VV,135
1094ED,49
1055NE,95
1051KZ,98
1013JJ,121.67
1012VE,79
1093XA,108.75
1081JV,103
1097AD,200
1059AZ,100
1091BS,99
1054WZ,160
1055NP,45
1079GM,120
1063TX,64
1093VK,72
1072GT,100
1094EX,81
1016CG,195
1056XE,92.5
1019RP,179
1076AT,125
1018VS,160
1011EA,127
1011EZ,150
1026CR,125
1016HX,165
1017JC,200
1011VH,250
1072NL,240
1094HA,72.5
1091CX,80
1018VR,157
1013BV,139.8
1015PH,78
1013KV,142
1094KW,89
1073GG,200
1015VJ,160
1094HJ,80
1052LM,99
1051VL,100
1017NK,125
1056TM,88.33
1058KV,85
1019HS,200
1016HW,144.5
1035VD,175
1053KB,79
1016DP,159
1013HM,115
1071XJ,190
1015PJ,107.5
1078EE,100
1055PK,133.5
1013DH,100
1056HL,94
1015GH,139
1012BM,200
1021HW,110
1056DR,90
1058TX,84
1072CX,119
1013BH,98
1035PX,40
1082GM,150
1082NR,126.67
1083GL,135
1071LG,300
1052LB,90
1092JM,87.5
1032KJ,110
1011LA,225
1013CH,84
1074AB,84
1013MR,101.33
1095VN,150
1017DJ,125
1018BW,100
1051CM,135
1016XL,125
1051PA,162
1017AS,212.5
1015GL,206.5
1072JR,150
1092BR,115
1013VL,89
1052HH,145
1015BR,197.5
1059XL,90
1015XP,95
1016HP,275
1015CW,225
1053DP,103.5
1018AR,75
1072XT,65
1055BP,110
1013AJ,292.5
1091RZ,94.5
1017ND,144.5
1015AD,673.33
1058JM,175
1011KJ,207.5
1079EC,120.5
1053KM,99
1073GM,142
1011NX,118
1016RC,135
1087JK,120
1019WZ,298.33
1012GD,140
1078CX,174
1019BX,115
1019JR,130
1056KH,99
1074EA,89
1016LJ,97
1097AN,79
1011BW,158
1094BC,95
1091GT,117.6
1018WG,127.5
1056HS,95
1012LJ,400
1056JV,135
1018JV,96
1015RH,130
1016EW,154
1054ZH,220
1015LA,65
1015AK,127.5
1078HD,150
1015BA,179
1013HK,125
1016XW,770
1097AR,100
1015MZ,249
1023BV,80
1072GE,120
1013CR,95
1074EH,144.5
1015JT,222.5
1056TS,200
1076TN,90
1022XZ,170
1081ED,100
1012DM,130
1058EK,89
1051XM,99
1015DT,203.22
1013TM,250
1074XA,90
1011GH,142.5
1073LT,130
1011BM,145
1093HW,50
1013KH,110
1091XS,86
1052KC,121.5
1052NL,249
1011JP,140
1019HB,175
1017XJ,150
1092CN,150
1094BH,75
1073TG,132
1051PB,150
1017RJ,195
1051NK,131
1011ET,249
1051BR,100
1016AK,189
1035PV,118.5
1021NP,120
1091DS,230
1093NG,95
1056VJ,99
1013NS,80
1052EL,95
1011VP,120
1075ST,119
1019TH,275
1072HC,110
1012GE,75
1073GV,90
1056RW,120
1012PS,110
1073GN,90
1072NX,130
1025TT,200
1011JL,115
1094LN,102
1018AD,157.6
1018CE,65
1072JH,142.5
1018EJ,182
1011KB,375
1055PA,55
1058JR,90
1072RT,104
1015WH,255
1053LH,122
1086XR,85
1011PG,142.5
1017CT,220
1017AW,135
1012TV,120
1078CZ,159
1015KZ,250
1018WW,127
1013PH,87.5
1018ES,158
1016EZ,193.33
1054DJ,165
1078AZ,189
1025VS,195
1051CP,60
1076XB,80
1074TM,80
1055WB,75
1059TS,119
1074CJ,127
1051GG,80
1071NL,175
1054VJ,150
1102ZP,67
1013SW,99
1013EH,240
1061DM,69
1018LW,65
1075EL,170
1058EB,150
1013JN,94
1051KH,647
1013LL,115
1051EZ,89
1051EH,85
1053EP,150
1016LP,137.5
1054ZG,231
1073EG,166.67
1059AH,90
1032HG,70
1091BD,75
1019ET,65
1017CV,180
1019WN,85
1065DB,110
1013SR,87.5
1056XS,115
1013MT,75
1076PR,135
1016VX,100
1052GA,95.2
1073GA,149
1016LG,211.67
1073AB,125
1054AA,146.67
1053ZV,109
1052NE,120
1018KM,60
1015WJ,120.5
1053DD,116
1021GP,109.5
1054VR,99
1019HX,100
1012RZ,199
1021NR,85
1078RP,219
1097BC,64
1055AA,69
1017NH,149
1053KR,127
1079DD,289
1082RK,90
1073AW,75
1013GX,150
1052LN,180
1073CE,195
1058XV,84
1074HR,250
1011KA,325
1012HS,150
1018ED,210
1053WH,159
1023BC,95
1058TT,111
1066SB,325
1081EC,100
1058HM,137
1052AD,149.5
1012MA,120
1079JG,65
1055DD,87.5
1012HM,125
1091KX,120
1015DS,152
1091TP,87.5
1016KW,180
1058GD,115
1015GC,375
1016GR,189
1097NV,149
1017JG,169
1054XZ,129
1053LV,250
1091BA,95
1016BL,179
1079ET,99
1094HC,90
1071GX,275
1013TL,98
1016KZ,128.75
1022XV,100
1053MK,164
1018ZX,110
1076LA,110
1072LB,120
1065BV,120
1054HP,119
1051NL,89
1054CM,200
1091VG,105
1052HL,100
1058VX,85
1058GZ,210
1056EM,75
1055RE,148.33
1055MC,85
1073HE,125
1018EW,95
1052XC,90
1018SJ,89
1012VC,153.5
1072BX,125
1065BG,115
1013ZT,116.33
1078BG,150
1022CC,60
1058SP,200
1051VN,59
1018XE,310
1092TB,85
1021JD,80
1054DG,100
1015GV,150
1076CH,125
1082MC,100
1091EN,169
1095BP,95
1052CV,155
1015DV,230
1013AP,121.67
1017TE,95
1017XA,115
1076NZ,95
1021TR,102.5
1087HW,375
1053ZE,185
1078HG,120
1091DT,100
1017CD,200
1054LV,90
1102MV,90
1018XK,99
1091ES,90
1171NV,125
1015VG,135
1013AT,60
1053MX,169
1054ET,125
1019LR,60
1016KL,139
1012CK,249
1078NX,75
1094RB,69
1013SG,95
1052EJ,160
1055SP,139.5
1093BZ,70
1012DV,225
1013BR,119
1012HT,150
1055CA,65
1087MC,99
1069MN,115
1019WD,165
1034WS,70
1015HH,145
1072LT,100
1011CD,195
1079LL,140
1171HR,85
1097AT,80
1078MG,120
1013AX,426.33
1012TE,128
1072AD,110
1073CC,125
1057NE,100
1051JB,133
1079CN,142.5
1054JZ,125
1011CX,240
1013NL,103.5
1072EJ,119
1094SG,69
1032XL,75
1023AT,99
1015DP,150
1079AB,75
1071TW,250
1017SN,175
1017NJ,500
1095VR,75
1094NB,69
1021PC,125
1011LM,143
1015CL,125
1095TA,83.33
1061DJ,95
1072LJ,119
1060LZ,109
1018VP,110
1072VX,150
1013JV,150
1032AN,45
1073EV,100
1054ZV,100
1052KJ,70
1072SN,112
1012LR,175
1078BA,70
1054ER,190
1091EJ,163.33
1058CG,85
1016RV,125
1054LK,100
1094ZC,80
1012CA,155
1015MA,450
1017HH,136.33
1078JK,200
1053TN,180
1072VC,300
1025CW,99
1012DW,185
1011HH,109
1057AH,99
1053HB,112.67
1072CK,150
1013JA,149
1015KV,105
1091VW,110
1051KW,110
1017JE,186
1017TP,206.67
1087CD,125
1061VP,99
1017HK,212
1092CW,119
1060ST,296
1012DS,100
1075RD,105
1012BZ,99
1097CN,89
1017BJ,215
1075TV,112.67
1011GS,325
1057AK,109
1079CK,97.5
1054HS,158.33
1087EM,127.5
1019CV,90
1021CN,125
1075RW,95
1072CE,295
1012CX,300
1013EN,95
1053SX,100
1058EN,101.5
1018MS,92.25
1012VH,250
1015NA,150
1091GC,113.67
1054JR,90
1054VT,89
1054GP,350
1018WH,89
1091JL,100
1094CC,75
1078KV,90
1079ZK,60
1015SJ,120
1034KW,125
1033RA,85
1075CZ,90
1018WS,80
1051HP,100
1054ZJ,130
1091CV,125
1055EX,84.67
1079JW,75
1019XH,140
1058NJ,95
1055BW,85
1054WJ,125
1071MN,390
1013ZM,130
1017JK,140
1018HL,110
1073HK,90
1093HN,90
1075HT,149
1072SL,89
1018VE,178
1095VZ,76
1052BH,65
1073BJ,119
1011JV,103
1095TT,48
1025RW,75.5
1016PT,109.5
1015HN,115
1065SW,130
1013GM,280
1078VB,110
1017CE,134.67
1053WL,140
1071XP,45
1056EB,49
1075GC,125
1016PS,172.5
1019SG,150
1091SK,79
1078LB,100
1097AM,99
1072JZ,240
1091SZ,175
1076VG,120
1053PK,112.5
1092CM,127
1056RL,80
1018EM,115
1013EA,300
1017LC,125
1015DG,220
1016AB,150
1011BJ,147
1052CS,99
1094GP,100
1073SZ,112
1013SV,114.33
1016HS,178.33
1019DD,249
1019WE,159
1091DV,83
1025GH,95
1076VA,65
1016HT,150
1011JN,180
1021GE,75
1092KG,129
1015AG,215
1013JK,110
1016XT,69
1053GA,88
1015TK,300
1091CS,120
1018VJ,110.5
1015LD,177.5
1035HN,125
1012PV,100
1015CS,200
1033RC,35
1075HM,164.5
1053EM,100
1023NT,250
1012KR,229
1092BT,120
1072BD,109
1079LH,120
1098TJ,85
1073VN,220
1054VA,169
1072XB,95
1057VR,113
1011HJ,160
1015PW,200
1091TG,100
1021LS,95
1013RW,82.5
1053EC,120
1057NT,95
1052CP,135
1072MK,135
1094LK,70
1054WH,79
1073TW,89
1011JZ,175
1098CC,200
1057AL,131.67
1102TT,75
1053AT,75
1072LM,65
1054JC,205
1067VW,89
1072CH,70
1016TM,90
1056XB,125
1018KB,80
1066XK,87.5
1055XP,79
1018VK,85
1094CL,105
1091NA,118
1058XK,85
1018PE,117
1054XA,140
1056HJ,125
1015PX,147.5
1055EZ,250
1071VJ,114
1013JE,110
1052WT,109
1012GL,150
1083HA,140
1078AA,189
1018AC,124.5
1019WL,85
1054WC,170
1071XB,120
1074HZ,119.5
1015MV,89
1019RS,165
1023BT,90
1053PG,79
1018TT,120
1075EC,98
1012SJ,250
1072CC,103
1092BH,102.5
1012NB,179
1072PG,75
1057AZ,160
1095KV,100
1013GC,295
1016GK,89
1018AG,154
1072AW,122
1013AS,92
1023CV,147.5
1072GH,100
1019DS,85
1058SJ,98
1073TB,129
1091RW,129
1082XL,99
1057BZ,130
1074XB,99
1055LM,95
1053KZ,95
1021EH,129
1083TV,130
1073EA,132
1056PD,95
1016PV,112
1013DV,99
1098KV,250
1016TA,129
1074BA,150
1072HR,150
1051HA,200
1018LP,89.5
1013XT,95
1015AB,229
1012CZ,90
1032CL,125
1098CR,97
1066EH,275
1011EH,120
1072RE,100
1076DT,250
1078EL,100
1016AL,199
1011EX,100
1078JJ,85
1018RL,75
1018HR,89.67
1078PW,115
1051XW,99
1017HW,150
1018PX,85
1053LB,110
1022AM,37.5
1015XK,95
1077RV,162.5
1017XL,350
1016NG,110
1051NV,129
1013RK,120
1094CG,95
1057JC,89
1058JD,450
1093VG,90
1051PX,190
1012NV,119
1095LG,100
1054EN,110
1051GE,89
1071NX,995
1053CV,175
1072JK,300
1078PD,185
1035VE,85
1072AL,120
1017EW,199
1098NB,165
1053BE,80
1059EB,120
1098EC,149
1079VR,99
1059CX,150
1053AA,99
1015CN,100
1015JC,135
1072XA,139
1053AK,115
1091HT,110
1055CV,67.5
1018TW,160
1098RJ,150
1073XR,300
1017NB,165
1097WC,65
1093VD,96.5
1051AB,175
1053PR,119
1017BV,485
1057VG,70
1053HG,110
1052BJ,242.5
1057SW,80
1076PE,72
1017KL,137.25
1015CR,165
1091CP,85
1013AK,115
1053WP,119.5
1098HA,127.5
1016DB,109.5
1055HC,80
1016SP,100
1091KH,70
1011BD,149
1072SZ,120
1058EM,89
1051JV,80
1072CB,173.33
1054VL,85
1074JB,350
1057XA,170
1075PV,147
1051MA,389
1011JJ,225
1015TP,240
1052HT,119.5
1018AS,105
1075RR,225
1094XT,65
1094JT,70
1059VH,30
1056KD,70
1056DJ,120
1076XE,150
1015TV,175
1016CC,199
1012DA,152.5
1016XS,100
1017LZ,75
1052MZ,139
1013SB,100
1016PJ,100
1016NK,119
1072VZ,150
1018CR,79
1012PL,81.5
1053KL,107.5
1014AG,98.5
1053KS,84.5
1056PR,89
1017VV,420
1053WT,120
1073AX,130
1016XJ,129
1016NC,130
1012KE,228.17
1015NV,151.33
1096CN,100
1057CD,95
1076SM,79
1081JX,120
1074VT,120
1017RS,150
1073VA,89
1071XH,132.5
1079GX,89
1072JN,90
1016LD,100
1095AV,75
1055JC,95
1054NL,110
1021JK,75
1051XR,94
1011JX,145
1058VS,99
1098NP,140
1096DM,55
1065TC,220
1016VM,125
1091HK,70
1098JP,110
1073TM,98
1055GM,110
1017WE,122.5
1017WD,143
1064AA,195
1087BB,104
1095AX,150
1013WD,75
1058GK,99
1053WV,135
1078PJ,100
1054VG,107.5
1018WE,140
1051EP,97.5
1013JC,180
1073JE,85
1057GV,98
1015HW,84.5
1092BP,95
1057KA,195
1055BS,200
1074XE,150
1015KE,125
1091ZB,105
1057WD,105
1075SH,80
1091NG,95
1071WZ,149
1015KN,114.33
1071XK,125
1015SC,149
1073EB,109
1091SJ,104.5
1015GB,150
1073SK,190
1053GM,107.5
1051BZ,110
1075VJ,149
1091MZ,95
1074CN,110
1051GZ,90
1058KR,85
1081GG,99
1079HJ,145
1078AJ,175
1073BA,199
1016AN,534.5
1058LJ,152.5
1017JX,300
1013NN,187
1054XB,159
1061MH,69
1097EV,300
1075CA,86
1073CH,89
1021CT,110
1075SB,91.5
1055VZ,100
1078AK,169
1102XM,70
1054WT,97
1056EN,75
1061MJ,119.75
1092GG,120
1074SP,150
1081GN,70
1055EK,100
1015NR,142.5
1016HZ,200
1012ES,217.5
1051LC,110
1012PX,200
1015DW,144
1055AB,149
1013PA,150
1017AG,199.67
1022XG,75
1053BM,100
1031XG,102
1076CJ,145
1015JG,90
1098AN,165
1018XH,195
1015DR,200
1015GK,290.5
1052SV,80
1016XB,189
1055RC,75
1016XC,96.33
1076PK,99
1016XX,145
1033NL,160
1051HM,120
1016PM,163.33
1013EW,290
1017XH,147.5
1058DD,250
1053KK,100
1058EH,62
1056EW,200
1055PT,150
1078PX,101
1051KX,117
1053MP,110
1053LL,350
1056WV,99
1098XA,100
1013MS,115
1083CN,150
1031HW,50
1055VS,71
1076XT,90
1018HH,100
1016DT,229
1015MT,158.33
1052ST,82.5
1091AN,92.5
1013ES,95
1019XA,120
1017TV,289.67
1055AR,87
1093LC,125
1072KP,100
1068PM,99
1015AL,224
1012EZ,137
1079TH,125
1012JD,275
1071KL,150
1017ET,208.75
1055CG,135
1015VC,247
1078GE,75
1072AT,99
1092CB,90
1052ED,93
1054VP,110
1082XJ,95
1018DT,180
1056NG,90
1075TX,85
1079VV,85
1014KD,125
1058HG,100
1056PW,80
1011JT,126
1015JK,129.25
1015LB,120
1082AR,100
1074VR,87.5
1054ZE,207.5
1032LA,180
1012BP,100
1095AW,127
1052JJ,300
1057BT,90
1053TT,80
1072TK,175
1073VE,140
1053XE,101.17
1012LZ,130
1093BJ,84.33
1056KP,115
1060LR,56
1053TX,159
1063AZ,175
1071BK,140
1072AK,125
1072HA,70
1055RA,122.5
1052HK,95
1091AL,100
1017NZ,302.5
1017BK,130
1072NS,160
1051EX,98.33
1011RL,149
1054LG,90
1057AP,99
1078RA,90
1074VM,110
1096HK,120
1078XC,99
1016HK,190
1091LM,124.67
1012SW,109.33
1017KW,131
1063GP,75
1018GB,472.5
1016KB,200
1054TL,130
1068NL,145
1015WK,99
1018TN,515
1054MA,140
1016BH,280
1083AS,275
1094HS,56
1011VL,119
1097PL,68
1053RJ,176.67
1018ZL,105
1079BC,350
1012GS,215
1016CK,88
1025LC,245
1055DS,90
1022AD,72
1016RG,169.67
1016JA,153.33
1092HC,125
1015PE,275
1017JD,270
1018KC,125
1093SX,120
1074HN,150
1072TA,175
1061XZ,85
1015SV,140
1092GZ,100
1076RJ,85
1012HL,248.33
1017ZL,125
1095CP,90
1026CE,95
1054JJ,99
1073ER,80
1059CW,76
1073TC,160
1016SM,95
1057RX,110
1023AS,110
1013JX,121
1075TP,105
1055BL,69
1053SP,107
1054KZ,100
1073AS,120
1053NG,87.5
1017EX,299
1052RH,80
1093GT,92
1054ZT,90
1078JR,100
1054ZW,137
1018BK,90
1017NE,140
1033PC,100
1015GX,100
1013LC,97.4
1016VH,155
1015PT,135
1053KV,120
1056AL,205
1052ND,100
1051CG,225
1052VG,180
1053DC,82
1059TP,115
1051ED,225
1051PP,99
1071GT,80
1073CJ,80
1094KD,80
1016AE,570
1033WB,529.8
1017PL,178.33
1092VV,150
1012WP,264.75
1011TZ,143.33
1015NH,128.75
1017LE,116
1098JE,150
1077JL,99
1013PM,125
1053GH,100
1072EP,150
1055PP,75
1051GX,107
1015JD,186.25
1013SZ,178.33
1011EN,142.83
1017WV,162.5
1058ER,80
1071DG,130
1054BE,675
1074XN,110
1023AV,145
1017CG,170
1015RW,80
1015GR,132
1054BS,150
1051TX,80
1074XS,175
1018LZ,95
1075RJ,95
1091TJ,40
1011CT,120
1013EE,300
1092TR,93
1059AV,250
1019AX,187.5
1078GD,175
1012HX,135
1015KS,115
1078KL,89
1011LJ,88
1091SL,109
1076XL,110
1054DC,160
1052HB,92
1018VX,99
1053AJ,100
1052AC,85
1016CN,120
1011EM,155
1015KD,170
1011TE,185
1091TT,108.67
1071AE,235
1053HA,75
1021CP,89.5
1051TK,79
1013JM,100
1033NM,175
1054DX,89
1032VC,135
1051BW,145
1051XC,164.5
1094JC,91.5
1057NP,125
1055SC,79
1071GK,200
1015NL,114.67
1031CC,192.5
1102AA,59
1052RZ,100
1053GS,111.67
1059TK,95
1018MT,120
1095JW,85
1082NP,105
1018KN,121
1053CM,99
1011CW,119
1086VA,199
1023BM,104
1091DG,150
1091EM,174.5
1012CL,220
1015XS,150
1012BJ,149
1072XM,217.5
1082XR,75
1012VS,139
1016HM,195
1012JL,220
1066CK,400
1012NH,143
1054LM,90
1054KH,135
1056KN,110
1054EL,132.5
1091TR,92
1013JD,120
1094RX,80
1013KX,150
1054VN,109
1092BL,280
1054ZD,197.5
1072TW,102.5
1091GW,129.33
1017VS,125
1033BE,110
1056KJ,105
1024EZ,100
1055ED,75
1052NH,97.5
1016JC,130
1087AW,199
1013EP,90
1015SX,110
1015NJ,126.67
1054CV,87.5
1017WJ,144
1054HK,99
1016CT,165
1012RW,150
1013VZ,60
1071WX,124
1072VV,90
1074XZ,95
1013KS,109.67
1032AR,154
1067JR,119
1031DB,90
1018SZ,250
1086ZM,160
1019ED,110
1073HS,149
1093DC,183
1077LK,315
1011LD,170
1012KV,149
1018NM,100
1086ZV,265
1057HP,104.5
1072SM,75
1094HK,89
1054HN,99
1073BG,101.5
1058EC,108.33
1054RC,141.33
1012BV,180
1093JK,98.75
1091JC,119
1078BD,189
1025HX,130
1052JN,125
1018TH,200
1021NN,80
1054XN,100
1076JL,210
1015PN,90
1025LB,175
1076NX,100
1054DV,110
1052GH,80
1017RM,110
1078BL,170
1019DZ,122.5
1092TX,99.67
1017GM,214
1091VD,112.5
1071VW,70
1094SZ,79
1016PN,172.5
1073AE,200
1076BT,120
1058GV,200
1091DK,220
1057BG,50
1054CB,198.33
1079AD,180
1019PM,100
1071RT,295
1052KA,75
1013JL,300
1081EA,104
1019WK,100
1052CN,135
1015EB,140
1095EX,120
1095AN,99
1055EB,83
1011TD,120
1079CL,90
1017VG,99
1017ED,189
1015KL,247.5
1019BG,214
1091VM,78.5
1016RX,229
1072SX,104
1011RM,120
1092EH,100
1017ZT,165
1055LR,200
1079DT,100
1087KB,241.67
1051VM,90
1013GB,124
1018BA,90
1011KT,130
1072JL,400
1051AN,110
1053SJ,157
1055LT,200
1059VT,89
1058DL,79
1071GB,99
1013SN,157.5
1013EC,104.5
1074GJ,110
1053CG,95
1011JH,130
1016VT,119.33
1097AL,135
1012BG,125
1015JJ,158.33
1073GL,98
1069PR,70
1075TB,153.33
1058KC,190
1013LA,143.33
1016BT,185
1018GH,90
1032HA,100
1031GZ,115
1011PV,110
1053XL,60
1015XE,125
1051KP,112.5
1072XW,172.5
1054MJ,115
1052SX,75
1068LH,150
1053JG,135
1011TL,130
1019DC,129.5
1052KH,132.5
1011HL,115
1012AZ,120
1032BW,85
1055BV,75
1092VW,100
1073EZ,200
1018ZC,110
1066WS,100
1053BB,123
1052CH,99
1093BS,103
1017VH,199
1071VA,145
1058BA,75
1055AD,112.5
1051LP,140
1079DR,119
1011KM,235
1016XA,120
1091BX,94
1022AC,105
1012LT,95
1053LD,125
1054MS,124
1052GM,125
1013AW,121.33
1074BR,325
1081EZ,89
1017EN,306.5
1072GM,65
1013HW,75
1051XH,99
1072SE,100
1017HZ,124
1012WN,200
1075ER,209
1056EZ,85
1058GX,149
1074VD,175
1212AB,110
1052NJ,150
1054VB,120
1075LS,75
1052NC,120
1079AX,150
1060RT,200
1091DM,160
1061MC,115
1018XD,65
1072XC,120
1016DX,185
1074HX,90
1056RK,145
1025LE,200
1095WB,135
1015CE,149
1072AE,139
1015AM,130
1071BZ,99
1083EM,65
1052KT,100
1051TM,110
1078RK,75
1056CS,125
1076XS,96
1072HD,156.67
1053ZX,139
1013LM,192.5
1011VM,193
1073VS,200
1055TP,144.5
1071KX,310
1078CE,85
1016ND,112
1016HE,215
1071AN,55
1016HV,180
1012VJ,110
1054VX,97.5
1058NG,75
1051LE,95
1092TG,102
1017VB,145
1025TE,59
1052RT,120
1079SW,100
1016GX,199
1017EC,125
1054HL,157.5
1015JL,70
1034ZD,117.5
1056SN,159
1013HX,135
1017WC,200
1056VK,130
1013LE,200
1073CA,200
1079BB,150
1091CK,129.5
1056PV,90.5
1018CW,200
1016AT,198
1054LZ,91
1091HJ,90
1060RM,200
1017HE,250
1023CW,75
1075XH,125
1052KP,187.5
1019PK,80
1097ER,165
1073EX,129.67
1018XX,200
1054XX,80
1057TK,95
1074AM,100
1051HG,185
1086XT,117.5
1073TX,195
1061WB,88
1076BM,95
1058NA,95
1015HX,80
1015GA,99
1052BT,200
1094EB,85
1057VV,175
1059AD,80
1015BT,320
1091RP,120
1018NA,200
1095TE,99
1054WN,130
1073BW,127
1053SE,140
1033HK,87.5
1072TV,90
1071WJ,150
1013DX,95
1073CK,85
1077DC,99
1093NA,99
1018BH,164
1056NN,80
1015RC,175
1058TZ,103
1054ML,228
1019BT,210
1034XC,110
1073EL,73
1019TN,240
1074AN,395
1083AV,119
1019TK,200
1055DC,60
1094GX,125
1052GS,100
1013MM,175
1052VH,150
1071XM,60
1091CR,80
1016BG,300
1058SL,84
1013ZN,119
1074XJ,85
1079VJ,150
1078RJ,70
1079NX,140
1092EV,180
1092VP,80
1076CZ,95
1013NV,85
1094GE,121
1071VR,160
1062CG,195
1031XB,75
1051VC,109
1012TD,100
1017XN,165
1078GZ,130
1018XW,107
1094HL,100
1087MK,55
1072XR,80
1015GG,145
1054KA,140
1051GL,88
1054HX,260
1016DR,155
1012PP,310
1098CA,85
1056SL,79
1051BT,95
1053TP,140
1054AT,135
1018TZ,225
1082HG,72
1033HB,175
1051XE,85
1078NW,85
1087EP,130
1053WK,345
1051XL,95
1058BZ,92
1094JK,88.5
1098HX,150
1019AZ,110
1078RW,125
1053RZ,175
1018VG,141.33
1072GW,115
1017TK,122.6
1087HA,185
1053ZT,143.33
1059TC,99
1072BN,125
1074GD,200
1051VD,110
1021BM,150
1054DK,115
1017RW,135.5
1052CB,100
1056XP,87.5
1052KE,100
1071VH,90
1025LR,260
1013GL,95
1052EH,115
1016LN,94
1025LS,225
1013RJ,105
1019TB,200
1015WE,99
1012PM,160
1057AM,120
1056WT,96
1015JS,125
1091KD,137
1018ZN,115
1094HB,107.5
1071TZ,135
1018SK,168.4
1057HW,113
1011GB,100
1091WS,125
1018XN,139
1054WB,105
1074CS,170
1071KV,125
1012HR,135
1056VX,95
1053LP,140
1065HH,75
1079NE,110
1013HG,161.25
1091JB,107
1073AA,190
1016TN,240
1011BC,97
1121DG,99
1019CP,69
1091RX,200
1072HT,145
1018EG,90
1016EP,120
1073BH,186.5
1018AV,158
1054LX,115
1019GW,132.5
1012NG,159
1051GA,85
1013KW,180
1056PX,140
1051AL,200
1013GG,374
1016LM,150
1059AK,80
1016SK,130
1071JC,130
1019MA,225
1071AT,210
1074VA,115.67
1054ZA,150
1055AP,85
1012AE,155.75
1013WB,249
1056XL,110
1091KV,70
1057KC,195
1072HE,140
1015BX,350
1015EA,149.5
1057JL,90
1062GL,76
1073LL,129
1091CH,125
1012GB,210
1075GX,90
1054XR,195
1074EN,114.67
1022AB,348.6
1073BZ,120
1054BT,199
1011HD,132.5
1026BX,395
1015LZ,190
1016XG,140
1093RT,67
1098JA,130
1091WX,75
1021LG,105
1071SB,110
1056RE,79
1093HD,270
1074VJ,130
1031KC,99
1079WP,209.5
1015TB,196.33
1059EL,140
1052LR,127.5
1077AH,300
1056GA,500
1087MB,110
1054WE,145
1051VP,80
1056VG,100
1066TC,185
1095BJ,109
1035XV,110
1016TS,200
1096CJ,100
1072JG,180
1012KL,226.67
1031GN,75
1087AX,149
1052TN,50
1073AD,99
1016DN,126.67
1056KX,65
1074VS,160
1051MC,125
1019BZ,110
1076ST,175
1072CP,60
1098BM,400
1078PH,140
1012NS,125
1072VP,173
1015KH,99.5
1017SR,125
1071EV,349
1052SH,166.67
1056JH,87.5
1015HP,250
1094JP,79.5
1075CH,220
1053ML,280
1017DD,260
1025JH,95
1018BJ,265
1017AL,324.6
1056ER,105
1021LR,70
1012NK,119.33
1055HX,99
1073EN,229.67
1015JP,136
1021LH,120
1012ET,130
1013SJ,79
1078MK,90
1056DA,75
1059VV,100
1035SX,150
1093AD,140
1011PW,130
1061TH,99
1059BD,90
1068RR,149
1011TB,250
1096GG,106.67
1076XX,135
1058KJ,100
1051BV,90
1052HD,160
1121DD,199
1018WN,150
1011LE,170
1091NZ,80
1095VG,85
1055TK,87.5
1054PH,147
1017AK,140
1011BH,250
1095DK,68
1016RA,380
1034JL,250
1012WC,90
1098GW,140
1021PW,125
1071ED,120
1013LZ,210
1058DN,112
1058GR,89
1053XP,120
1091TS,100
1012VP,130
1056HE,108.33
1056BM,198
1012JV,100
1053VN,110
1013NT,135
1054GR,110
1016TH,165
1054SN,199
1017GA,120
1017LV,155
1052JC,115
1035PS,70
1053LS,320
1091TN,119
1059EJ,159
1011JM,137.5
1091TE,107
1078HC,95
1086ZC,199
1016PG,178.33
1015DZ,162.5
1012SV,170
1059VR,89
1019DK,175
1053MS,134.5
1071RH,350
1064NS,250
1017ZG,115
1056KK,140
1073BE,79
1094CD,125
1013PR,115
1093GB,172
1025LA,135
1094HV,77
1079NC,139
1091AG,95.67
1016SZ,195
1071TX,185
1079GP,99
1094EA,89
1016BB,359
1018DW,116.6
1052EB,145
1018EK,166.67
1015RM,107.5
1053HJ,118.5
1025LJ,125
1075VS,100
1016VC,92.5
1072AZ,150
1073GJ,89.75
1074VC,95
1052SJ,145.5
1071MS,150
1015MK,200
1023AM,99
1015DX,140
1017AN,99
1057EP,76
1053LJ,100
1055BB,75
1054XS,79
1057BN,280
1017EB,160
1018AK,131.8
1073LM,159
1018CN,135
1055VX,80
1092KS,79
1013MD,186
1091EB,170
1091ST,145
1018KP,74
1019AW,148.17
1051XP,69
1074AK,150
1055KX,70
1058DP,92.5
1011DD,120
1072TN,87
1075TA,85
1033BH,75
1053JD,99
1059VW,95
1072ED,144
1013ST,112.5
1019RR,100
1092SC,100
1053AS,100
1054MX,107.5
1052JW,141
1078GP,109
1051GP,89
1056KT,79
1083BC,140
1013KT,214.67
1052LW,98
1072GZ,200
1032JS,200
1054BH,119
1073GE,136.5
1017GE,140
1075HC,300
1016VB,158
1073BK,129
1057ER,100
1071JV,350
1093NB,100
1012RR,300
1016HA,220
1094CR,49
1093JL,80
1060TN,85
1017LB,130
1012TA,230
1015KR,109
1058XL,155
1011CB,126
1078LM,150
1053CT,85
1056PL,100
1071ST,189
1081JD,149
1017WN,155
1018EB,130
1057EV,89
1073CW,105
1078LN,100
1017WB,138.5
1055GJ,50
1075XT,65
1078GL,140
1013CL,120
1019HK,85
1051TT,125
1076JB,125
1092VA,86.67
1015MP,136.67
1056NR,75
1031XX,85
1054DD,189
1057HC,88
1056JM,100
1073RZ,119
1012SG,106
1058JH,225
1069SC,60
1054XL,80
1017TB,175
1019PE,119
1091BC,110
1013GW,128.33
1019BD,156.25
1078XV,80
1013AZ,175
1013GN,250
1087GT,110
1059CZ,263
1095CM,125
1016LK,200
1094XR,85
1015DL,170
1053BJ,100
1082HT,45
1019SZ,120
1058NP,200
1078XZ,214.5
1051EV,200
1011AZ,120
1012DC,159
1052BG,97.5
1097AB,55
